<STREME version="5.4.1" release="Sat Aug 21 19:23:23 2021 -0700">
  <model>
    <command_line>streme --verbosity 1 --oc streme_out -rna --minw 6 --maxw 15 --order 2 --bfile ./background --seed 0 --align center --time 4740 --totallength 4000000 --evalue --thresh 0.05 --p significantSequences.fa --n allSmallSequences.fa</command_line>
    <train_positives count="4938" positions="54318" maxlen="11" file="significantSequences.fa"/>
    <train_negatives count="4500" positions="49500" from="file" file="allSmallSequences.fa"/>
    <test_positives count="548" positions="6028"/>
    <test_negatives count="500" positions="5500"/>
    <alphabet name="RNA" like="rna">
      <letter id="A" symbol="A" name="Adenine" colour="CC0000"/>
      <letter id="C" symbol="C" name="Cytosine" colour="0000CC"/>
      <letter id="G" symbol="G" name="Guanine" colour="FFB300"/>
      <letter id="U" symbol="U" aliases="T" name="Uracil" colour="008000"/>
      <letter id="N" symbol="N" aliases="X." equals="ACGU" name="Any base"/>
      <letter id="V" symbol="V" equals="ACG" name="Not U"/>
      <letter id="H" symbol="H" equals="ACU" name="Not G"/>
      <letter id="D" symbol="D" equals="AGU" name="Not C"/>
      <letter id="B" symbol="B" equals="CGU" name="Not A"/>
      <letter id="M" symbol="M" equals="AC" name="Amino"/>
      <letter id="R" symbol="R" equals="AG" name="Purine"/>
      <letter id="W" symbol="W" equals="AU" name="Weak"/>
      <letter id="S" symbol="S" equals="CG" name="Strong"/>
      <letter id="Y" symbol="Y" equals="CU" name="Pyrimidine"/>
      <letter id="K" symbol="K" equals="GU" name="Keto"/>
    </alphabet>
    <strands>none</strands>
    <sequence_db A="0.285" C="0.232" G="0.262" U="0.22"/>
    <background_frequencies source="./background" order="2">
      <alphabet_array>
        <value letter_id="A">0.258</value>
        <value letter_id="C">0.231</value>
        <value letter_id="G">0.245</value>
        <value letter_id="U">0.265</value>
      </alphabet_array>
    </background_frequencies>
    <stop thresh_type="evalue" thresh="0.05" time="4740"/>
    <objfun>Differential Enrichment</objfun>
    <test>Fisher Exact Test</test>
    <minw>6</minw>
    <maxw>15</maxw>
    <kmer>3</kmer>
    <hofract>0.1</hofract>
    <neval>25</neval>
    <nref>4</nref>
    <niter>20</niter>
    <patience>3</patience>
    <seed>0</seed>
    <useer>no</useer>
    <minscore>0</minscore>
    <ignore_depth>5</ignore_depth>
    <nsubsets>1</nsubsets>
    <min_pal_ratio>0.85</min_pal_ratio>
    <max_pal_ed>5</max_pal_ed>
    <cand>no</cand>
    <experimental>no</experimental>
    <totallength>4000000</totallength>
    <align>center</align>
    <host>noble-meme.grid.gs.washington.edu</host>
  </model>
  <motifs>
    <motif id="1-AWGGACU" alt="STREME-1" width="7" initial_width="7" seed="AAGGACU" score_threshold="3.10941" train_pos_count="3795" train_neg_count="167" train_log_pvalue="-1319.09" train_pvalue="8.2e-1320" train_dtc="-1.0" train_bernoulli="-1" test_pos_count="412" test_neg_count="30" test_log_pvalue="-128.163" test_pvalue="6.9e-129" test_log_evalue="-127.385" test_evalue="4.1e-128" test_dtc="-1.0" test_bernoulli="-1" is_palindromic="n/a" elapsed_time="1.2" total_sites="3795" site_distr=" 85 260 1456 490" max_sites="2" site_hist=" 0 3781 14">
      <pos A="0.546795" C="0.144687" G="0.158535" U="0.149983"/>
      <pos A="0.402331" C="0.129588" G="0.198428" U="0.269653"/>
      <pos A="0.160295" C="0.000565619" G="0.835773" U="0.00336706"/>
      <pos A="0.0748597" C="0.00107392" G="0.921971" U="0.00209489"/>
      <pos A="0.99405" C="0.000695999" G="0.000928256" U="0.0043262"/>
      <pos A="0.000350503" C="0.994227" G="0.000176793" U="0.00524533"/>
      <pos A="0.134435" C="0.0857829" G="0.0212582" U="0.758524"/>
    </motif>
    <motif id="2-MUGGAC" alt="STREME-2" width="6" initial_width="6" seed="CUGGAC" score_threshold="4.13592" train_pos_count="179" train_neg_count="14" train_log_pvalue="-34.5451" train_pvalue="2.9e-035" train_dtc="-1.0" train_bernoulli="-1" test_pos_count="26" test_neg_count="1" test_log_pvalue="-6.30961" test_pvalue="4.9e-007" test_log_evalue="-5.53146" test_evalue="2.9e-006" test_dtc="-1.0" test_bernoulli="-1" is_palindromic="n/a" elapsed_time="1.6" total_sites="179" site_distr=" 0 0 0 0 0" max_sites="1" site_hist=" 0 179">
      <pos A="0.449352" C="0.241252" G="0.127076" U="0.18232"/>
      <pos A="0.000283322" C="0.219968" G="0.163035" U="0.616714"/>
      <pos A="0.0429527" C="0.000253903" G="0.956502" U="0.000291006"/>
      <pos A="0.000283322" C="0.000253903" G="0.999172" U="0.000291006"/>
      <pos A="0.999186" C="0.000253903" G="0.000269491" U="0.000291006"/>
      <pos A="0.000283322" C="0.999156" G="0.000269491" U="0.000291006"/>
    </motif>
    <motif id="3-UUGAAACU" alt="STREME-3" width="8" initial_width="8" seed="UUGAAACU" score_threshold="8.87739" train_pos_count="26" train_neg_count="2" train_log_pvalue="-5.35667" train_pvalue="4.4e-006" train_dtc="-1.0" train_bernoulli="-1" test_pos_count="7" test_neg_count="0" test_log_pvalue="-1.97905" test_pvalue="1.0e-002" test_log_evalue="-1.2009" test_evalue="6.3e-002" test_dtc="-1.0" test_bernoulli="-1" is_palindromic="n/a" elapsed_time="2.0" total_sites="26" site_distr=" 6 7 7" max_sites="1" site_hist=" 0 26">
      <pos A="0.272664" C="0.00161134" G="0.00171026" U="0.724014"/>
      <pos A="0.00179804" C="0.00161134" G="0.00171026" U="0.99488"/>
      <pos A="0.227503" C="0.137014" G="0.588509" U="0.0469743"/>
      <pos A="0.994832" C="0.00161134" G="0.00171026" U="0.0018468"/>
      <pos A="0.994832" C="0.00161134" G="0.00171026" U="0.0018468"/>
      <pos A="0.949704" C="0.0467388" G="0.00171026" U="0.0018468"/>
      <pos A="0.00179804" C="0.994645" G="0.00171026" U="0.0018468"/>
      <pos A="0.00179804" C="0.0467388" G="0.0468377" U="0.904625"/>
    </motif>
    <motif id="4-AUGGAUU" alt="STREME-4" width="7" initial_width="7" seed="AUGGAUU" score_threshold="12.9205" train_pos_count="11" train_neg_count="1" train_log_pvalue="-2.30099" train_pvalue="5.0e-003" train_dtc="-1.0" train_bernoulli="-1" test_pos_count="1" test_neg_count="0" test_log_pvalue="-0.281581" test_pvalue="5.2e-001" test_log_evalue="0.496571" test_evalue="3.1e+000" test_dtc="-1.0" test_bernoulli="-1" is_palindromic="n/a" elapsed_time="3.0" total_sites="11" site_distr=" 1 0 1 2" max_sites="1" site_hist=" 0 11">
      <pos A="0.932555" C="0.0210273" G="0.0223182" U="0.0241"/>
      <pos A="0.0234636" C="0.0210273" G="0.0223182" U="0.933191"/>
      <pos A="0.0234636" C="0.0210273" G="0.931409" U="0.0241"/>
      <pos A="0.0234636" C="0.0210273" G="0.931409" U="0.0241"/>
      <pos A="0.932555" C="0.0210273" G="0.0223182" U="0.0241"/>
      <pos A="0.0234636" C="0.0210273" G="0.0223182" U="0.933191"/>
      <pos A="0.0234636" C="0.0210273" G="0.0223182" U="0.933191"/>
    </motif>
    <motif id="5-AGAAMACU" alt="STREME-5" width="8" initial_width="8" seed="AGAAAACU" score_threshold="11.6174" train_pos_count="11" train_neg_count="0" train_log_pvalue="-3.09693" train_pvalue="8.0e-004" train_dtc="-1.0" train_bernoulli="-1" test_pos_count="1" test_neg_count="2" test_log_pvalue="-0.0497608" test_pvalue="8.9e-001" test_log_evalue="0.72839" test_evalue="5.4e+000" test_dtc="-1.0" test_bernoulli="-1" is_palindromic="n/a" elapsed_time="2.3" total_sites="11" site_distr=" 3 1 5" max_sites="1" site_hist=" 0 11">
      <pos A="0.990552" C="0.00294553" G="0.00312636" U="0.00337596"/>
      <pos A="0.00328682" C="0.167944" G="0.825393" U="0.00337596"/>
      <pos A="0.745848" C="0.0826507" G="0.168125" U="0.00337596"/>
      <pos A="0.990552" C="0.00294553" G="0.00312636" U="0.00337596"/>
      <pos A="0.660506" C="0.332992" G="0.00312636" U="0.00337596"/>
      <pos A="0.990552" C="0.00294553" G="0.00312636" U="0.00337596"/>
      <pos A="0.00328682" C="0.990211" G="0.00312636" U="0.00337596"/>
      <pos A="0.00328682" C="0.00294553" G="0.00312636" U="0.990641"/>
    </motif>
    <motif id="6-AGGCCCCCC" alt="STREME-6" width="9" initial_width="9" seed="AGGCCCCCC" score_threshold="14.2546" train_pos_count="9" train_neg_count="0" train_log_pvalue="-2.53347" train_pvalue="2.9e-003" train_dtc="-1.0" train_bernoulli="-1" test_pos_count="0" test_neg_count="0" test_log_pvalue="0" test_pvalue="1.0e+000" test_log_evalue="0.778151" test_evalue="6.0e+000" test_dtc="-1.0" test_bernoulli="-1" is_palindromic="n/a" elapsed_time="2.7" total_sites="9" site_distr=" 3 5" max_sites="1" site_hist=" 0 9">
      <pos A="0.987491" C="0.00389996" G="0.00413939" U="0.00446987"/>
      <pos A="0.00435184" C="0.00389996" G="0.987278" U="0.00446987"/>
      <pos A="0.00435184" C="0.00389996" G="0.987278" U="0.00446987"/>
      <pos A="0.00435184" C="0.987039" G="0.00413939" U="0.00446987"/>
      <pos A="0.222814" C="0.768576" G="0.00413939" U="0.00446987"/>
      <pos A="0.00435184" C="0.987039" G="0.00413939" U="0.00446987"/>
      <pos A="0.00435184" C="0.987039" G="0.00413939" U="0.00446987"/>
      <pos A="0.00435184" C="0.768576" G="0.00413939" U="0.222933"/>
      <pos A="0.00435184" C="0.877816" G="0.113363" U="0.00446987"/>
    </motif>
  </motifs>
  <reason_for_stopping>Stopped because 3 consecutive motifs exceeded the E-value threshold (0.05).</reason_for_stopping>
  <run_time cpu="3.03"/>
</STREME>
