<?xml version='1.0' encoding='UTF-8' standalone='yes'?>
<tomtom version="5.4.1" release="Sat Aug 21 19:23:23 2021 -0700">
  <model>
    <command_line>tomtom -verbosity 1 -oc meme_tomtom_out -min-overlap 5 -dist ed -evalue -thresh 1 -no-ssc meme_out/meme.xml db/RNA/Ray2013_rbp_Mus_musculus.meme</command_line>
    <distance_measure value="ed"/>
    <threshold type="evalue">1</threshold>
    <alphabet name="RNA" like="rna">
      <letter id="A" symbol="A" name="Adenine" colour="CC0000"/>
      <letter id="C" symbol="C" name="Cytosine" colour="0000CC"/>
      <letter id="G" symbol="G" name="Guanine" colour="FFB300"/>
      <letter id="U" symbol="U" aliases="T" name="Uracil" colour="008000"/>
      <letter id="N" symbol="N" aliases="X." equals="ACGU" name="Any base"/>
      <letter id="V" symbol="V" equals="ACG" name="Not U"/>
      <letter id="H" symbol="H" equals="ACU" name="Not G"/>
      <letter id="D" symbol="D" equals="AGU" name="Not C"/>
      <letter id="B" symbol="B" equals="CGU" name="Not A"/>
      <letter id="M" symbol="M" equals="AC" name="Amino"/>
      <letter id="R" symbol="R" equals="AG" name="Purine"/>
      <letter id="W" symbol="W" equals="AU" name="Weak"/>
      <letter id="S" symbol="S" equals="CG" name="Strong"/>
      <letter id="Y" symbol="Y" equals="CU" name="Pyrimidine"/>
      <letter id="K" symbol="K" equals="GU" name="Keto"/>
    </alphabet>
    <strands>none</strands>
    <background from="--query--" A="0.258258" C="0.231231" G="0.245245" U="0.265265"/>
    <host>noble-meme.grid.gs.washington.edu</host>
    <when>Wed Mar 16 04:50:15 2022</when>
  </model>
  <query_dbs>
    <db source="meme_out/meme.xml" name="meme.xml" loaded="1" excluded="0" last_mod_date="Wed Mar 16 04:50:14 2022"/>
  </query_dbs>
  <target_dbs>
    <db source="db/RNA/Ray2013_rbp_Mus_musculus.meme" name="Ray2013_rbp_Mus_musculus" loaded="4" excluded="0" last_mod_date="Tue Jan 18 13:34:15 2022"/>
  </target_dbs>
  <queries>
    <motif db="0" id="NMDGGAC" alt="MEME-1" length="7" nsites="4554" evalue="3.4e-885">
      <pos A="0.23452" C="0.301491" G="0.212781" U="0.251208"/>
      <pos A="0.421603" C="0.218709" G="0.177867" U="0.18182"/>
      <pos A="0.268336" C="0.141855" G="0.261089" U="0.328721"/>
      <pos A="0.310276" C="5.07743e-06" G="0.689713" U="5.82476e-06"/>
      <pos A="0.145808" C="5.07743e-06" G="0.854181" U="5.82476e-06"/>
      <pos A="0.999984" C="5.07743e-06" G="5.38515e-06" U="5.82476e-06"/>
      <pos A="5.67089e-06" C="0.999983" G="5.38515e-06" U="5.82476e-06"/>
    </motif>
  </queries>
  <targets>
  </targets>
  <matches>
  </matches>
  <runtime cycles="10253" seconds="0.010"/>
</tomtom>
