Query_ID	Target_ID	Optimal_offset	p-value	E-value	q-value	Overlap	Query_consensus	Target_consensus	Orientation
3-UUGAAACU	RNCMPT00062	-1	0.0102918	0.0411672	0.0411672	7	UUGAAACU	UAAAAGG	+
5-AGAAMACU	RNCMPT00062	-1	0.057935	0.23174	0.23174	7	AGAAAACU	UAAAAGG	+

# Tomtom (Motif Comparison Tool): Version 5.4.1 compiled on Aug 25 2021 at 17:37:53
# The format of this file is described at https://meme-suite.org/meme/doc/tomtom-output-format.html.
# tomtom -verbosity 1 -oc streme_tomtom_out -min-overlap 5 -dist ed -evalue -thresh 1 -no-ssc streme_out/streme.xml db/RNA/Ray2013_rbp_Mus_musculus.meme
