<?xml version='1.0' encoding='UTF-8' standalone='yes'?>
<tomtom version="5.4.1" release="Sat Aug 21 19:23:23 2021 -0700">
  <model>
    <command_line>tomtom -verbosity 1 -oc streme_tomtom_out -min-overlap 5 -dist ed -evalue -thresh 1 -no-ssc streme_out/streme.xml db/RNA/Ray2013_rbp_Mus_musculus.meme</command_line>
    <distance_measure value="ed"/>
    <threshold type="evalue">1</threshold>
    <alphabet name="RNA" like="rna">
      <letter id="A" symbol="A" name="Adenine" colour="CC0000"/>
      <letter id="C" symbol="C" name="Cytosine" colour="0000CC"/>
      <letter id="G" symbol="G" name="Guanine" colour="FFB300"/>
      <letter id="U" symbol="U" aliases="T" name="Uracil" colour="008000"/>
      <letter id="N" symbol="N" aliases="X." equals="ACGU" name="Any base"/>
      <letter id="V" symbol="V" equals="ACG" name="Not U"/>
      <letter id="H" symbol="H" equals="ACU" name="Not G"/>
      <letter id="D" symbol="D" equals="AGU" name="Not C"/>
      <letter id="B" symbol="B" equals="CGU" name="Not A"/>
      <letter id="M" symbol="M" equals="AC" name="Amino"/>
      <letter id="R" symbol="R" equals="AG" name="Purine"/>
      <letter id="W" symbol="W" equals="AU" name="Weak"/>
      <letter id="S" symbol="S" equals="CG" name="Strong"/>
      <letter id="Y" symbol="Y" equals="CU" name="Pyrimidine"/>
      <letter id="K" symbol="K" equals="GU" name="Keto"/>
    </alphabet>
    <strands>none</strands>
    <background from="--query--" A="0.25" C="0.25" G="0.25" U="0.25"/>
    <host>noble-meme.grid.gs.washington.edu</host>
    <when>Wed Mar 16 04:50:15 2022</when>
  </model>
  <query_dbs>
    <db source="streme_out/streme.xml" name="streme.xml" loaded="6" excluded="0" last_mod_date="Wed Mar 16 04:49:02 2022"/>
  </query_dbs>
  <target_dbs>
    <db source="db/RNA/Ray2013_rbp_Mus_musculus.meme" name="Ray2013_rbp_Mus_musculus" loaded="4" excluded="0" last_mod_date="Tue Jan 18 13:34:15 2022"/>
  </target_dbs>
  <queries>
    <motif db="0" id="1-AWGGACU" alt="STREME-1" length="7" nsites="4207" evalue="6.9e-129">
      <pos A="0.546788" C="0.14469" G="0.158537" U="0.149985"/>
      <pos A="0.402327" C="0.129591" G="0.198429" U="0.269653"/>
      <pos A="0.160297" C="0.000571548" G="0.835759" U="0.00337292"/>
      <pos A="0.0748639" C="0.00107984" G="0.921955" U="0.00210078"/>
      <pos A="0.994032" C="0.000701925" G="0.000934176" U="0.00433204"/>
      <pos A="0.000356437" C="0.994209" G="0.000182731" U="0.00525115"/>
      <pos A="0.134438" C="0.0857868" G="0.0212636" U="0.758512"/>
    </motif>
    <motif db="0" id="2-MUGGAC" alt="STREME-2" length="6" nsites="205" evalue="4.9e-007">
      <pos A="0.449255" C="0.241256" G="0.127136" U="0.182353"/>
      <pos A="0.000405076" C="0.219983" G="0.163077" U="0.616535"/>
      <pos A="0.0430536" C="0.000375671" G="0.956158" U="0.000412756"/>
      <pos A="0.000405076" C="0.000375671" G="0.998807" U="0.000412756"/>
      <pos A="0.998821" C="0.000375671" G="0.000391251" U="0.000412756"/>
      <pos A="0.000405076" C="0.998791" G="0.000391251" U="0.000412756"/>
    </motif>
    <motif db="0" id="3-UUGAAACU" alt="STREME-3" length="8" nsites="33" evalue="1.0e-002">
      <pos A="0.272596" C="0.00236176" G="0.00246038" U="0.722582"/>
      <pos A="0.00254789" C="0.00236176" G="0.00246038" U="0.99263"/>
      <pos A="0.227571" C="0.137355" G="0.587486" U="0.0475877"/>
      <pos A="0.992582" C="0.00236176" G="0.00246038" U="0.00259651"/>
      <pos A="0.992582" C="0.00236176" G="0.00246038" U="0.00259651"/>
      <pos A="0.94759" C="0.0473529" G="0.00246038" U="0.00259651"/>
      <pos A="0.00254789" C="0.992395" G="0.00246038" U="0.00259651"/>
      <pos A="0.00254789" C="0.0473529" G="0.0474515" U="0.902647"/>
    </motif>
    <motif db="0" id="4-AUGGAUU" alt="STREME-4" length="7" nsites="12" evalue="5.2e-001">
      <pos A="0.926914" C="0.0229196" G="0.0241999" U="0.0259669"/>
      <pos A="0.0253358" C="0.0229196" G="0.0241999" U="0.927545"/>
      <pos A="0.0253358" C="0.0229196" G="0.925778" U="0.0259669"/>
      <pos A="0.0253358" C="0.0229196" G="0.925778" U="0.0259669"/>
      <pos A="0.926914" C="0.0229196" G="0.0241999" U="0.0259669"/>
      <pos A="0.0253358" C="0.0229196" G="0.0241999" U="0.927545"/>
      <pos A="0.0253358" C="0.0229196" G="0.0241999" U="0.927545"/>
    </motif>
    <motif db="0" id="5-AGAAMACU" alt="STREME-5" length="8" nsites="12" evalue="8.9e-001">
      <pos A="0.984432" C="0.0049873" G="0.00516664" U="0.00541418"/>
      <pos A="0.00532577" C="0.168622" G="0.820638" U="0.00541418"/>
      <pos A="0.74175" C="0.0840338" G="0.168802" U="0.00541418"/>
      <pos A="0.984432" C="0.0049873" G="0.00516664" U="0.00541418"/>
      <pos A="0.657113" C="0.332306" G="0.00516664" U="0.00541418"/>
      <pos A="0.984432" C="0.0049873" G="0.00516664" U="0.00541418"/>
      <pos A="0.00532577" C="0.984094" G="0.00516664" U="0.00541418"/>
      <pos A="0.00532577" C="0.0049873" G="0.00516664" U="0.98452"/>
    </motif>
    <motif db="0" id="6-AGGCCCCCC" alt="STREME-6" length="9" nsites="9" evalue="2.9e-003">
      <pos A="0.979387" C="0.00660436" G="0.00684115" U="0.007168"/>
      <pos A="0.00705127" C="0.00660436" G="0.979176" U="0.007168"/>
      <pos A="0.00705127" C="0.00660436" G="0.979176" U="0.007168"/>
      <pos A="0.00705127" C="0.97894" G="0.00684115" U="0.007168"/>
      <pos A="0.223113" C="0.762877" G="0.00684115" U="0.007168"/>
      <pos A="0.00705127" C="0.97894" G="0.00684115" U="0.007168"/>
      <pos A="0.00705127" C="0.97894" G="0.00684115" U="0.007168"/>
      <pos A="0.00705127" C="0.762877" G="0.00684115" U="0.22323"/>
      <pos A="0.00705127" C="0.870917" G="0.114865" U="0.007168"/>
    </motif>
  </queries>
  <targets>
    <motif db="0" id="RNCMPT00062" alt="KHDRBS1" length="7" nsites="20"
        url="http://hugheslab.ccbr.utoronto.ca/supplementary-data/RNAcompete_eukarya">
      <pos A="0.0140109" C="0.0140109" G="0.0140109" U="0.957967"/>
      <pos A="0.957967" C="0.0140109" G="0.0140109" U="0.0140109"/>
      <pos A="0.957967" C="0.0140109" G="0.0140109" U="0.0140109"/>
      <pos A="0.867443" C="0.0140109" G="0.0140109" U="0.104535"/>
      <pos A="0.888258" C="0.0372478" G="0.0372478" U="0.0372478"/>
      <pos A="0.147264" C="0.152173" G="0.639596" U="0.0609672"/>
      <pos A="0.197623" C="0.211644" G="0.480769" U="0.109964"/>
    </motif>
  </targets>
  <matches>
    <query idx="2">
      <target idx="0" off="-1" pv="1.03e-02" ev="4.12e-02" qv="4.12e-02"/>
    </query>
    <query idx="4">
      <target idx="0" off="-1" pv="5.79e-02" ev="2.32e-01" qv="2.32e-01"/>
    </query>
  </matches>
  <runtime cycles="12428" seconds="0.012"/>
</tomtom>
